<?xml version="1.0" encoding="UTF-8"?>

<quiz>
	<title>Java Server Pages - Basic Quiz</title>

		<questions>

			<question>
				<description>A Java-based web pages technology that supports dynamic content.</description>
				<answer>JavaScript</answer>
				<answer>AJAX</answer>
				<answer>Java</answer>
				<answer>Java Server Pages</answer>
				<answer>XHTML</answer>
				<key>3</key>
			</question>
		
			<question>
				<description>The expression element may contain any expression valid in accordance with the Java Language Specification, but you can not use this character to terminate an expression.</description>
				<answer># - Hash Mark</answer>
				<answer>; - Semicolon</answer>
				<answer>. - Period</answer>
				<answer>, - Comma</answer>
				<answer>! - Exclamation Mark</answer>
				<key>1</key>
			</question>
			
			<question>
				<description>Sets a JavaBean property.</description>
				<answer>jsp:getProperty</answer>
				<answer>jsp:setProperty</answer>
				<answer>jsp:useBean</answer>
				<answer>jsp:createBean</answer>
				<answer>jsp:markBean</answer>
				<key>1</key>
			</question>
			
			<question>
				<description>Includes a file when the page is requested.</description>
				<answer>jsp:include</answer>
				<answer>jsp:attribute</answer>
				<answer>jsp:plugin</answer>
				<answer>jsp:useBean</answer>
				<answer>jsp:setProperty</answer>
				<key>0</key>
			</question>
			
			<question>
				<description>Supports all Java-supported logical and arithmetic operators in JSP.</description>
				<answer>JSP Delimiters</answer>
				<answer>Web Operators</answer>
				<answer>Java Operators</answer>
				<answer>Java Math</answer>
				<answer>JSP Operators</answer>
				<key>5</key>
			</question>
			
			<question>
				<description>A web technology designed to fulfill the role of a user interface for Java Web Applications.</description>
				<answer>View</answer>
				<answer>HTML</answer>
				<answer>Graphical User Interface</answer>
				<answer>Java Server Pages</answer>
				<answer>XML</answer>
				<key>4</key>
			</question>
			
			<question>
				<description>Handles the back-end server component of JSP Web Applications</description>
				<answer></answer>
				<answer>Java Servelets</answer>
				<answer></answer>
				<answer></answer>
				<answer></answer>
				<key>2</key>
			</question>
			
			<question>
				<description></description>
				<answer></answer>
				<answer></answer>
				<answer></answer>
				<answer></answer>
				<answer></answer>
				<key></key>
			</question>
			
			<question>
				<description></description>
				<answer></answer>
				<answer></answer>
				<answer></answer>
				<answer></answer>
				<answer></answer>
				<key></key>
			</question>
			
			<question>
				<description></description>
				<answer></answer>
				<answer></answer>
				<answer></answer>
				<answer></answer>
				<answer></answer>
				<key></key>
			</question>
			
			<question>
				<description></description>
				<answer></answer>
				<answer></answer>
				<answer></answer>
				<answer></answer>
				<answer></answer>
				<key></key>
			</question>
			
			<question>
				<description></description>
				<answer></answer>
				<answer></answer>
				<answer></answer>
				<answer></answer>
				<answer></answer>
				<key></key>
			</question>
			
			<question>
				<description></description>
				<answer></answer>
				<answer></answer>
				<answer></answer>
				<answer></answer>
				<answer></answer>
				<key></key>
			</question>
			
			<question>
				<description></description>
				<answer></answer>
				<answer></answer>
				<answer></answer>
				<answer></answer>
				<answer></answer>
				<key></key>
			</question>
			
			<question>
				<description></description>
				<answer></answer>
				<answer></answer>
				<answer></answer>
				<answer></answer>
				<answer></answer>
				<key></key>
			</question>
			
			<question>
				<description></description>
				<answer></answer>
				<answer></answer>
				<answer></answer>
				<answer></answer>
				<answer></answer>
				<key></key>
			</question>
			
			<question>
				<description></description>
				<answer></answer>
				<answer></answer>
				<answer></answer>
				<answer></answer>
				<answer></answer>
				<key></key>
			</question>
			
			<question>
				<description></description>
				<answer></answer>
				<answer></answer>
				<answer></answer>
				<answer></answer>
				<answer></answer>
				<key></key>
			</question>
			
			<question>
				<description></description>
				<answer></answer>
				<answer></answer>
				<answer></answer>
				<answer></answer>
				<answer></answer>
				<key></key>
			</question>
			
			<question>
				<description></description>
				<answer></answer>
				<answer></answer>
				<answer></answer>
				<answer></answer>
				<answer></answer>
				<key></key>
			</question>
			
			<question>
				<description></description>
				<answer></answer>
				<answer></answer>
				<answer></answer>
				<answer></answer>
				<answer></answer>
				<key></key>
			</question>
			
			<question>
				<description></description>
				<answer></answer>
				<answer></answer>
				<answer></answer>
				<answer></answer>
				<answer></answer>
				<key></key>
			</question>
			
			<question>
				<description></description>
				<answer></answer>
				<answer></answer>
				<answer></answer>
				<answer></answer>
				<answer></answer>
				<key></key>
			</question>
			
			<question>
				<description></description>
				<answer></answer>
				<answer></answer>
				<answer></answer>
				<answer></answer>
				<answer></answer>
				<key></key>
			</question>
			
			<question>
				<description></description>
				<answer></answer>
				<answer></answer>
				<answer></answer>
				<answer></answer>
				<answer></answer>
				<key></key>
			</question>
			
			<question>
				<description></description>
				<answer></answer>
				<answer></answer>
				<answer></answer>
				<answer></answer>
				<answer></answer>
				<key></key>
			</question>
			
			<question>
				<description></description>
				<answer></answer>
				<answer></answer>
				<answer></answer>
				<answer></answer>
				<answer></answer>
				<key></key>
			</question>
			
			<question>
				<description></description>
				<answer></answer>
				<answer></answer>
				<answer></answer>
				<answer></answer>
				<answer></answer>
				<key></key>
			</question>
			
			<question>
				<description></description>
				<answer></answer>
				<answer></answer>
				<answer></answer>
				<answer></answer>
				<answer></answer>
				<key></key>
			</question>
			
			<question>
				<description></description>
				<answer></answer>
				<answer></answer>
				<answer></answer>
				<answer></answer>
				<answer></answer>
				<key></key>
			</question>
		
		</questions>

</quiz>